,0,ecl,pid,eyr,byr,iyr,hgt,hcl,cm,in,hair,eyes,pass
0,hgt:185cm ecl:gry cid:222 iyr:2016 hcl:#866857 byr:1970 pid:269105457 eyr:2026,gry,269105457,2026,1970,2016,185cm,#866857,185,0,#866857,gry,269105457
1,hgt:178cm byr:1939 pid:595705064 ecl:oth iyr:2020 eyr:2026 hcl:#888785,oth,595705064,2026,1939,2020,178cm,#888785,178,0,#888785,oth,595705064
2,hgt:159cm iyr:2016 hcl:#efcc98 pid:139063139 byr:1980 ecl:brn eyr:2020,brn,139063139,2020,1980,2016,159cm,#efcc98,159,0,#efcc98,brn,139063139
3,pid:646870519 hgt:179cm eyr:2022 iyr:2011 hcl:#602927 ecl:brn byr:1997,brn,646870519,2022,1997,2011,179cm,#602927,179,0,#602927,brn,646870519
4,hgt:170cm hcl:#ceb3a1 iyr:2014 eyr:2023 ecl:oth pid:243067344 byr:1962,oth,243067344,2023,1962,2014,170cm,#ceb3a1,170,0,#ceb3a1,oth,243067344
5,hcl:#866857 ecl:oth pid:704529614 byr:1941 cid:94 eyr:2026 hgt:180cm iyr:2010,oth,704529614,2026,1941,2010,180cm,#866857,180,0,#866857,oth,704529614
6,pid:770262094 hcl:#866857 eyr:2020 hgt:151cm ecl:blu iyr:2012 byr:2002 cid:242,blu,770262094,2020,2002,2012,151cm,#866857,151,0,#866857,blu,770262094
7,hgt:178cm iyr:2020 hcl:#6b5442 ecl:grn cid:323 eyr:2030 byr:1925 pid:285882039,grn,285882039,2030,1925,2020,178cm,#6b5442,178,0,#6b5442,grn,285882039
8,iyr:2019 pid:986123633 eyr:2024 byr:1990 hcl:#7d3b0c ecl:hzl hgt:192cm,hzl,986123633,2024,1990,2019,192cm,#7d3b0c,192,0,#7d3b0c,hzl,986123633
9,hgt:163cm byr:1934 eyr:2026 ecl:amb hcl:#eec6fb cid:303 pid:721792159 iyr:2013,amb,721792159,2026,1934,2013,163cm,#eec6fb,163,0,#eec6fb,amb,721792159
10,iyr:2019 byr:1920 hcl:#a97842 cid:186 eyr:2020 ecl:oth hgt:167cm pid:217112082,oth,217112082,2020,1920,2019,167cm,#a97842,167,0,#a97842,oth,217112082
11,ecl:amb eyr:2024 pid:644304174 hcl:#6b5442 iyr:2018 byr:1935 hgt:182cm,amb,644304174,2024,1935,2018,182cm,#6b5442,182,0,#6b5442,amb,644304174
12,ecl:hzl pid:559383552 hcl:#ceb3a1 eyr:2024 hgt:161cm byr:1968 iyr:2010,hzl,559383552,2024,1968,2010,161cm,#ceb3a1,161,0,#ceb3a1,hzl,559383552
14,pid:479898570 hgt:165cm eyr:2024 byr:1932 iyr:2010 ecl:grn cid:88 hcl:#c0a76e,grn,479898570,2024,1932,2010,165cm,#c0a76e,165,0,#c0a76e,grn,479898570
15,cid:241 hgt:178cm ecl:blu pid:069760797 hcl:#623a2f byr:1925 eyr:2029 iyr:2019,blu,069760797,2029,1925,2019,178cm,#623a2f,178,0,#623a2f,blu,069760797
16,hcl:#efcc98 byr:1972 ecl:brn iyr:2011 pid:190911803 eyr:2025 hgt:171cm,brn,190911803,2025,1972,2011,171cm,#efcc98,171,0,#efcc98,brn,190911803
17,pid:930133867 ecl:grn hcl:#733820 hgt:63in byr:1995 eyr:2021 iyr:2014,grn,930133867,2021,1995,2014,63in,#733820,0,63,#733820,grn,930133867
18,eyr:2025 pid:284329794 ecl:blu hcl:#ceb3a1 iyr:2012 hgt:65in byr:1961,blu,284329794,2025,1961,2012,65in,#ceb3a1,0,65,#ceb3a1,blu,284329794
19,iyr:2010 byr:1998 hgt:160cm eyr:2029 hcl:#cfa07d pid:253052921 ecl:amb cid:324,amb,253052921,2029,1998,2010,160cm,#cfa07d,160,0,#cfa07d,amb,253052921
20,pid:026835791 byr:1999 eyr:2022 hgt:162cm hcl:#7d3b0c ecl:brn iyr:2014,brn,026835791,2022,1999,2014,162cm,#7d3b0c,162,0,#7d3b0c,brn,026835791
21,pid:672752198 eyr:2030 byr:1952 hgt:65in iyr:2016 ecl:amb hcl:#cfa07d,amb,672752198,2030,1952,2016,65in,#cfa07d,0,65,#cfa07d,amb,672752198
22,cid:93 hcl:#a5db2a pid:274721479 byr:1940 eyr:2022 ecl:gry hgt:157cm iyr:2012,gry,274721479,2022,1940,2012,157cm,#a5db2a,157,0,#a5db2a,gry,274721479
23,pid:540858450 iyr:2014 cid:95 byr:1964 hgt:156cm hcl:#866857 ecl:brn eyr:2026,brn,540858450,2026,1964,2014,156cm,#866857,156,0,#866857,brn,540858450
24,pid:532626994 byr:1939 iyr:2017 ecl:blu eyr:2026 hcl:#fffffd hgt:184cm,blu,532626994,2026,1939,2017,184cm,#fffffd,184,0,#fffffd,blu,532626994
25,pid:931910908 cid:177 hcl:#6b5442 ecl:gry hgt:184cm byr:1963 eyr:2020 iyr:2014,gry,931910908,2020,1963,2014,184cm,#6b5442,184,0,#6b5442,gry,931910908
26,iyr:2019 eyr:2022 hcl:#ceb3a1 hgt:191cm ecl:gry pid:954124659 cid:123 byr:1939,gry,954124659,2022,1939,2019,191cm,#ceb3a1,191,0,#ceb3a1,gry,954124659
27,byr:1987 pid:028825120 hcl:#7d3b0c eyr:2023 hgt:190cm ecl:oth iyr:2014,oth,028825120,2023,1987,2014,190cm,#7d3b0c,190,0,#7d3b0c,oth,028825120
28,pid:202888577 eyr:2028 iyr:2013 byr:1933 hgt:68in cid:151 hcl:#b6652a ecl:brn,brn,202888577,2028,1933,2013,68in,#b6652a,0,68,#b6652a,brn,202888577
29,eyr:2025 ecl:blu byr:1961 cid:224 iyr:2016 hcl:#6b5442 pid:368694418 hgt:169cm,blu,368694418,2025,1961,2016,169cm,#6b5442,169,0,#6b5442,blu,368694418
30,iyr:2017 hgt:161cm eyr:2025 hcl:#602927 ecl:oth pid:081917611 byr:1983,oth,081917611,2025,1983,2017,161cm,#602927,161,0,#602927,oth,081917611
31,eyr:2028 pid:831032131 ecl:brn iyr:2013 hcl:#341e13 cid:198 byr:1991 hgt:67in,brn,831032131,2028,1991,2013,67in,#341e13,0,67,#341e13,brn,831032131
32,iyr:2010 cid:128 hgt:171cm byr:1932 pid:923377839 ecl:brn hcl:#18171d eyr:2020,brn,923377839,2020,1932,2010,171cm,#18171d,171,0,#18171d,brn,923377839
33,cid:89 hgt:193cm hcl:#623a2f iyr:2010 eyr:2026 pid:374988952 ecl:hzl byr:1973,hzl,374988952,2026,1973,2010,193cm,#623a2f,193,0,#623a2f,hzl,374988952
34,eyr:2023 iyr:2013 byr:1977 cid:329 pid:711256829 ecl:grn hgt:154cm hcl:#866857,grn,711256829,2023,1977,2013,154cm,#866857,154,0,#866857,grn,711256829
35,pid:212535692 ecl:brn hcl:#b6652a hgt:169cm eyr:2025 byr:1920 iyr:2019,brn,212535692,2025,1920,2019,169cm,#b6652a,169,0,#b6652a,brn,212535692
36,ecl:blu byr:1962 hgt:157cm iyr:2020 eyr:2027 pid:451039029 hcl:#6b5442,blu,451039029,2027,1962,2020,157cm,#6b5442,157,0,#6b5442,blu,451039029
37,hgt:187cm pid:187808959 eyr:2026 iyr:2020 ecl:oth byr:1956 hcl:#733820,oth,187808959,2026,1956,2020,187cm,#733820,187,0,#733820,oth,187808959
38,byr:1959 hgt:160cm ecl:blu hcl:#6b5442 cid:193 eyr:2026 iyr:2014 pid:812555315,blu,812555315,2026,1959,2014,160cm,#6b5442,160,0,#6b5442,blu,812555315
39,hgt:153cm iyr:2011 ecl:grn hcl:#ceb3a1 eyr:2026 byr:1966 pid:503356330,grn,503356330,2026,1966,2011,153cm,#ceb3a1,153,0,#ceb3a1,grn,503356330
40,eyr:2028 iyr:2017 byr:1938 cid:279 hcl:#733820 ecl:amb pid:497365268 hgt:191cm,amb,497365268,2028,1938,2017,191cm,#733820,191,0,#733820,amb,497365268
41,cid:335 byr:1982 hgt:171cm iyr:2013 ecl:hzl eyr:2030 hcl:#efcc98 pid:018900639,hzl,018900639,2030,1982,2013,171cm,#efcc98,171,0,#efcc98,hzl,018900639
42,eyr:2029 hgt:175cm pid:530128340 hcl:#888785 ecl:gry byr:1947 iyr:2019,gry,530128340,2029,1947,2019,175cm,#888785,175,0,#888785,gry,530128340
43,ecl:grn hcl:#733820 byr:1928 pid:002528194 iyr:2014 eyr:2021 hgt:157cm,grn,002528194,2021,1928,2014,157cm,#733820,157,0,#733820,grn,002528194
44,eyr:2026 byr:1945 cid:161 iyr:2017 hgt:170cm hcl:#fffffd ecl:hzl pid:649441221,hzl,649441221,2026,1945,2017,170cm,#fffffd,170,0,#fffffd,hzl,649441221
45,byr:1930 iyr:2014 pid:151910079 hcl:#18171d ecl:oth eyr:2029 hgt:169cm,oth,151910079,2029,1930,2014,169cm,#18171d,169,0,#18171d,oth,151910079
46,ecl:blu byr:1950 iyr:2010 cid:260 hcl:#cfa07d hgt:167cm pid:910685738 eyr:2021,blu,910685738,2021,1950,2010,167cm,#cfa07d,167,0,#cfa07d,blu,910685738
47,byr:1981 hcl:#866857 eyr:2028 iyr:2012 ecl:blu pid:620133246 hgt:157cm,blu,620133246,2028,1981,2012,157cm,#866857,157,0,#866857,blu,620133246
48,hgt:191cm iyr:2010 pid:089995590 eyr:2023 ecl:amb byr:1986 hcl:#733820,amb,089995590,2023,1986,2010,191cm,#733820,191,0,#733820,amb,089995590
49,iyr:2019 ecl:gry hgt:165cm pid:910093364 hcl:#efcc98 byr:1997 eyr:2028 cid:153,gry,910093364,2028,1997,2019,165cm,#efcc98,165,0,#efcc98,gry,910093364
51,ecl:amb byr:1980 hgt:164cm pid:775303596 hcl:#671bed iyr:2013 eyr:2030,amb,775303596,2030,1980,2013,164cm,#671bed,164,0,#671bed,amb,775303596
52,ecl:amb byr:1940 hcl:#2943a5 iyr:2015 hgt:185cm pid:931660417 eyr:2021,amb,931660417,2021,1940,2015,185cm,#2943a5,185,0,#2943a5,amb,931660417
53,ecl:amb eyr:2025 pid:351412754 iyr:2014 byr:1941 hcl:#6b5442 hgt:174cm,amb,351412754,2025,1941,2014,174cm,#6b5442,174,0,#6b5442,amb,351412754
54,hgt:66in byr:1923 eyr:2023 ecl:gry pid:454789451 iyr:2013 hcl:#cfa07d,gry,454789451,2023,1923,2013,66in,#cfa07d,0,66,#cfa07d,gry,454789451
55,eyr:2020 pid:339972685 ecl:amb iyr:2017 byr:1926 hgt:154cm hcl:#18171d,amb,339972685,2020,1926,2017,154cm,#18171d,154,0,#18171d,amb,339972685
56,ecl:oth cid:302 byr:1946 hcl:#ceb3a1 pid:622779476 eyr:2024 iyr:2012 hgt:158cm,oth,622779476,2024,1946,2012,158cm,#ceb3a1,158,0,#ceb3a1,oth,622779476
57,byr:1997 hcl:#a97842 eyr:2022 pid:325672898 ecl:amb hgt:190cm iyr:2010,amb,325672898,2022,1997,2010,190cm,#a97842,190,0,#a97842,amb,325672898
58,cid:210 hcl:#c0946f byr:1957 eyr:2022 iyr:2020 pid:374646087 ecl:blu hgt:184cm,blu,374646087,2022,1957,2020,184cm,#c0946f,184,0,#c0946f,blu,374646087
59,hgt:178cm iyr:2013 pid:928476807 ecl:amb hcl:#623a2f byr:1996 eyr:2026,amb,928476807,2026,1996,2013,178cm,#623a2f,178,0,#623a2f,amb,928476807
60,cid:222 pid:325218825 eyr:2021 byr:1983 hgt:155cm ecl:brn iyr:2011 hcl:#fffffd,brn,325218825,2021,1983,2011,155cm,#fffffd,155,0,#fffffd,brn,325218825
61,cid:269 pid:669599426 hgt:176cm ecl:blu byr:1957 iyr:2015 hcl:#623a2f eyr:2025,blu,669599426,2025,1957,2015,176cm,#623a2f,176,0,#623a2f,blu,669599426
62,eyr:2021 pid:786485899 hgt:170cm hcl:#efcc98 byr:1955 iyr:2010 ecl:brn,brn,786485899,2021,1955,2010,170cm,#efcc98,170,0,#efcc98,brn,786485899
63,hcl:#733820 ecl:hzl hgt:157cm byr:1944 eyr:2027 pid:906803629 iyr:2015,hzl,906803629,2027,1944,2015,157cm,#733820,157,0,#733820,hzl,906803629
64,hgt:151cm ecl:blu iyr:2016 hcl:#02ffd7 byr:1995 pid:369315941 eyr:2026,blu,369315941,2026,1995,2016,151cm,#02ffd7,151,0,#02ffd7,blu,369315941
65,cid:167 hcl:#18171d iyr:2016 pid:214065645 byr:1942 eyr:2030 hgt:183cm ecl:hzl,hzl,214065645,2030,1942,2016,183cm,#18171d,183,0,#18171d,hzl,214065645
66,ecl:brn hcl:#623a2f cid:171 byr:1971 iyr:2011 eyr:2028 pid:607344613 hgt:153cm,brn,607344613,2028,1971,2011,153cm,#623a2f,153,0,#623a2f,brn,607344613
67,byr:1921 pid:677007802 hcl:#341e13 ecl:brn iyr:2012 hgt:188cm eyr:2028,brn,677007802,2028,1921,2012,188cm,#341e13,188,0,#341e13,brn,677007802
70,byr:1964 hcl:#6b5442 hgt:156cm eyr:2022 pid:426807062 ecl:brn cid:321 iyr:2012,brn,426807062,2022,1964,2012,156cm,#6b5442,156,0,#6b5442,brn,426807062
71,iyr:2011 pid:610896691 hcl:#733820 byr:1936 ecl:gry eyr:2021 hgt:161cm,gry,610896691,2021,1936,2011,161cm,#733820,161,0,#733820,gry,610896691
72,byr:1950 pid:644579904 hcl:#b6652a eyr:2027 iyr:2017 ecl:brn hgt:171cm,brn,644579904,2027,1950,2017,171cm,#b6652a,171,0,#b6652a,brn,644579904
73,iyr:2011 byr:1960 eyr:2023 hgt:171cm ecl:hzl pid:331465564 cid:205 hcl:#18171d,hzl,331465564,2023,1960,2011,171cm,#18171d,171,0,#18171d,hzl,331465564
74,pid:501585534 hcl:#418895 iyr:2018 hgt:157cm byr:1940 ecl:hzl eyr:2027,hzl,501585534,2027,1940,2018,157cm,#418895,157,0,#418895,hzl,501585534
75,cid:220 hgt:171cm hcl:#623a2f ecl:gry iyr:2017 pid:085309709 eyr:2024 byr:1932,gry,085309709,2024,1932,2017,171cm,#623a2f,171,0,#623a2f,gry,085309709
76,hcl:#733820 eyr:2028 cid:93 iyr:2017 byr:1974 hgt:163cm ecl:grn pid:630322998,grn,630322998,2028,1974,2017,163cm,#733820,163,0,#733820,grn,630322998
77,hcl:#602927 cid:97 hgt:166cm eyr:2025 ecl:hzl iyr:2016 byr:1964 pid:355325363,hzl,355325363,2025,1964,2016,166cm,#602927,166,0,#602927,hzl,355325363
78,iyr:2016 pid:402228657 hgt:174cm byr:1993 eyr:2020 hcl:#733820 ecl:grn,grn,402228657,2020,1993,2016,174cm,#733820,174,0,#733820,grn,402228657
79,iyr:2020 hgt:171cm ecl:amb hcl:#c0946f byr:1939 cid:316 pid:782384470 eyr:2030,amb,782384470,2030,1939,2020,171cm,#c0946f,171,0,#c0946f,amb,782384470
80,pid:701022732 byr:1931 ecl:amb hgt:70in hcl:#341e13 eyr:2030 iyr:2013,amb,701022732,2030,1931,2013,70in,#341e13,0,70,#341e13,amb,701022732
82,ecl:amb byr:1996 hgt:181cm iyr:2018 hcl:#6b5442 pid:022285219 eyr:2021,amb,022285219,2021,1996,2018,181cm,#6b5442,181,0,#6b5442,amb,022285219
83,hcl:#7d3b0c pid:225151503 iyr:2013 cid:68 eyr:2029 ecl:brn hgt:64in byr:1959,brn,225151503,2029,1959,2013,64in,#7d3b0c,0,64,#7d3b0c,brn,225151503
85,byr:1982 pid:978263388 eyr:2021 hgt:175cm iyr:2014 ecl:brn hcl:#a97842,brn,978263388,2021,1982,2014,175cm,#a97842,175,0,#a97842,brn,978263388
86,hgt:162cm eyr:2025 pid:6533951177 byr:1993 iyr:2011 hcl:#c0946f ecl:hzl,hzl,6533951177,2025,1993,2011,162cm,#c0946f,162,0,#c0946f,hzl,653395117
87,hcl:#733820 eyr:2022 hgt:185cm byr:1989 pid:195276207 ecl:blu iyr:2017,blu,195276207,2022,1989,2017,185cm,#733820,185,0,#733820,blu,195276207
88,hcl:#efcc98 eyr:2029 ecl:grn pid:568953221 byr:1986 hgt:178cm iyr:2020,grn,568953221,2029,1986,2020,178cm,#efcc98,178,0,#efcc98,grn,568953221
89,pid:452235579 byr:1932 ecl:grn iyr:2010 hgt:189cm eyr:2028 hcl:#602927 cid:258,grn,452235579,2028,1932,2010,189cm,#602927,189,0,#602927,grn,452235579
90,eyr:2023 ecl:blu byr:1935 iyr:2015 hcl:#866857 pid:542611829 hgt:168cm,blu,542611829,2023,1935,2015,168cm,#866857,168,0,#866857,blu,542611829
92,byr:1983 eyr:2026 ecl:gry pid:203934984 hgt:181cm iyr:2020 hcl:#a97842 cid:184,gry,203934984,2026,1983,2020,181cm,#a97842,181,0,#a97842,gry,203934984
94,eyr:2025 iyr:2015 hgt:153cm hcl:#ceb3a1 ecl:grn pid:686467422 byr:1961 cid:282,grn,686467422,2025,1961,2015,153cm,#ceb3a1,153,0,#ceb3a1,grn,686467422
95,byr:1931 hgt:185cm ecl:oth eyr:2022 pid:561083684 hcl:#efcc98 iyr:2012,oth,561083684,2022,1931,2012,185cm,#efcc98,185,0,#efcc98,oth,561083684
96,hcl:#ceb3a1 byr:1978 iyr:2020 hgt:172cm eyr:2022 ecl:oth pid:093317990,oth,093317990,2022,1978,2020,172cm,#ceb3a1,172,0,#ceb3a1,oth,093317990
97,eyr:2029 pid:096891409 iyr:2018 hcl:#d82822 hgt:174cm ecl:hzl byr:1988,hzl,096891409,2029,1988,2018,174cm,#d82822,174,0,#d82822,hzl,096891409
99,ecl:hzl byr:1971 pid:030850749 hgt:170in hcl:#ceb3a1 eyr:2023 iyr:2018,hzl,030850749,2023,1971,2018,170in,#ceb3a1,0,70,#ceb3a1,hzl,030850749
100,pid:843729120 byr:1987 hgt:185cm eyr:2022 ecl:amb iyr:2012 hcl:#c0946f,amb,843729120,2022,1987,2012,185cm,#c0946f,185,0,#c0946f,amb,843729120
102,cid:156 iyr:2017 byr:1924 hcl:#b6652a ecl:gry hgt:184cm eyr:2027 pid:451347151,gry,451347151,2027,1924,2017,184cm,#b6652a,184,0,#b6652a,gry,451347151
103,ecl:amb hgt:181cm iyr:2017 pid:233345009 byr:1934 hcl:#341e13 eyr:2024 cid:199,amb,233345009,2024,1934,2017,181cm,#341e13,181,0,#341e13,amb,233345009
104,ecl:grn eyr:2027 hgt:178cm byr:1994 hcl:#341e13 iyr:2016 pid:790075315,grn,790075315,2027,1994,2016,178cm,#341e13,178,0,#341e13,grn,790075315
105,pid:140922484 byr:1958 eyr:2025 iyr:2019 ecl:brn hgt:157cm hcl:#623a2f,brn,140922484,2025,1958,2019,157cm,#623a2f,157,0,#623a2f,brn,140922484
106,pid:466785488 hgt:160cm hcl:#cfa07d byr:1947 iyr:2010 cid:198 eyr:2020 ecl:hzl,hzl,466785488,2020,1947,2010,160cm,#cfa07d,160,0,#cfa07d,hzl,466785488
107,ecl:oth eyr:2022 byr:1963 hcl:#fffffd iyr:2017 hgt:171cm pid:463249115,oth,463249115,2022,1963,2017,171cm,#fffffd,171,0,#fffffd,oth,463249115
109,ecl:oth hgt:176cm hcl:#888785 byr:1963 iyr:2017 pid:453133253 eyr:2025,oth,453133253,2025,1963,2017,176cm,#888785,176,0,#888785,oth,453133253
110,hcl:#efcc98 eyr:2024 iyr:2020 cid:330 byr:1950 pid:937122408 ecl:gry hgt:162cm,gry,937122408,2024,1950,2020,162cm,#efcc98,162,0,#efcc98,gry,937122408
112,byr:1949 pid:116003343 hcl:#c0946f hgt:178cm eyr:2028 iyr:2020 cid:220 ecl:hzl,hzl,116003343,2028,1949,2020,178cm,#c0946f,178,0,#c0946f,hzl,116003343
113,pid:486330019 byr:1999 ecl:oth hgt:154cm iyr:2019 eyr:2026 hcl:#efcc98,oth,486330019,2026,1999,2019,154cm,#efcc98,154,0,#efcc98,oth,486330019
114,eyr:2030 iyr:2018 hcl:#18171d byr:1950 pid:648616604 hgt:160cm ecl:gry,gry,648616604,2030,1950,2018,160cm,#18171d,160,0,#18171d,gry,648616604
115,hgt:173cm ecl:oth byr:1993 eyr:2029 hcl:#fffffd iyr:2010 pid:317451887,oth,317451887,2029,1993,2010,173cm,#fffffd,173,0,#fffffd,oth,317451887
116,ecl:brn hgt:157cm byr:1963 eyr:2023 pid:005387570 hcl:#866857 iyr:2012,brn,005387570,2023,1963,2012,157cm,#866857,157,0,#866857,brn,005387570
117,pid:419695212 eyr:2020 byr:1957 cid:198 iyr:2015 hcl:#888785 hgt:168cm ecl:amb,amb,419695212,2020,1957,2015,168cm,#888785,168,0,#888785,amb,419695212
118,ecl:amb iyr:2017 eyr:2024 pid:039995171 hcl:#a97842 hgt:153cm byr:1983,amb,039995171,2024,1983,2017,153cm,#a97842,153,0,#a97842,amb,039995171
119,byr:1979 eyr:2021 iyr:2011 hgt:157cm ecl:blu pid:110855542 hcl:#c0946f,blu,110855542,2021,1979,2011,157cm,#c0946f,157,0,#c0946f,blu,110855542
120,ecl:blu pid:948753945 eyr:2029 iyr:2012 hcl:#ceb3a1 hgt:164cm byr:1988,blu,948753945,2029,1988,2012,164cm,#ceb3a1,164,0,#ceb3a1,blu,948753945
121,hgt:189cm ecl:blu byr:1936 eyr:2027 hcl:#733820 pid:728752361 iyr:2011,blu,728752361,2027,1936,2011,189cm,#733820,189,0,#733820,blu,728752361
122,hcl:#733820 ecl:blu eyr:2023 hgt:172cm iyr:2017 pid:013415387 byr:1947,blu,013415387,2023,1947,2017,172cm,#733820,172,0,#733820,blu,013415387
123,eyr:2027 ecl:amb iyr:2014 hcl:#fffffd pid:838758900 hgt:177cm byr:1942,amb,838758900,2027,1942,2014,177cm,#fffffd,177,0,#fffffd,amb,838758900
124,iyr:2015 pid:733864914 eyr:2021 ecl:amb byr:1971 cid:280 hgt:181cm hcl:#054593,amb,733864914,2021,1971,2015,181cm,#054593,181,0,#054593,amb,733864914
125,ecl:hzl hcl:#cfa07d eyr:2022 pid:832736421 byr:1958 iyr:2010 cid:274 hgt:152cm,hzl,832736421,2022,1958,2010,152cm,#cfa07d,152,0,#cfa07d,hzl,832736421
126,eyr:2020 hcl:#6b5442 cid:223 hgt:155cm byr:1989 ecl:oth iyr:2011 pid:549182194,oth,549182194,2020,1989,2011,155cm,#6b5442,155,0,#6b5442,oth,549182194
127,iyr:2020 hcl:#cfa07d eyr:2027 pid:093361240 byr:1941 cid:271 hgt:178cm ecl:brn,brn,093361240,2027,1941,2020,178cm,#cfa07d,178,0,#cfa07d,brn,093361240
128,ecl:blu cid:290 eyr:2027 hgt:192cm byr:1945 hcl:#7d3b0c iyr:2020 pid:910713369,blu,910713369,2027,1945,2020,192cm,#7d3b0c,192,0,#7d3b0c,blu,910713369
130,pid:596027311 hcl:#866857 hgt:169cm byr:1945 eyr:2030 ecl:oth iyr:2010,oth,596027311,2030,1945,2010,169cm,#866857,169,0,#866857,oth,596027311
131,ecl:hzl byr:1957 iyr:2015 hgt:186cm eyr:2029 hcl:#701e04 cid:149 pid:827898914,hzl,827898914,2029,1957,2015,186cm,#701e04,186,0,#701e04,hzl,827898914
132,hcl:#866857 cid:241 ecl:grn pid:389488422 byr:1959 iyr:2015 hgt:67in eyr:2027,grn,389488422,2027,1959,2015,67in,#866857,0,67,#866857,grn,389488422
133,hcl:#6b5442 iyr:2011 hgt:193cm eyr:2026 byr:1952 pid:033382338 ecl:grn,grn,033382338,2026,1952,2011,193cm,#6b5442,193,0,#6b5442,grn,033382338
134,iyr:2020 hgt:166cm byr:1927 eyr:2029 ecl:hzl pid:927006613 hcl:#623a2f,hzl,927006613,2029,1927,2020,166cm,#623a2f,166,0,#623a2f,hzl,927006613
135,ecl:gry pid:640783974 hgt:71in byr:1945 iyr:2019 cid:268 hcl:#b6652a eyr:2025,gry,640783974,2025,1945,2019,71in,#b6652a,0,71,#b6652a,gry,640783974
136,pid:910349085 iyr:2011 hcl:#623a2f byr:1956 eyr:2025 ecl:gry hgt:182cm,gry,910349085,2025,1956,2011,182cm,#623a2f,182,0,#623a2f,gry,910349085
137,pid:018283044 hcl:#602927 hgt:153cm ecl:gry iyr:2020 eyr:2024 byr:1990,gry,018283044,2024,1990,2020,153cm,#602927,153,0,#602927,gry,018283044
138,hgt:184cm hcl:#866857 ecl:oth eyr:2023 pid:405733635 cid:205 byr:1987 iyr:2012,oth,405733635,2023,1987,2012,184cm,#866857,184,0,#866857,oth,405733635
139,hgt:165cm byr:1933 iyr:2014 cid:203 hcl:#1cdbb3 ecl:hzl eyr:2027 pid:747009469,hzl,747009469,2027,1933,2014,165cm,#1cdbb3,165,0,#1cdbb3,hzl,747009469
140,cid:342 eyr:2029 hcl:#a97842 byr:1970 ecl:oth pid:137287449 hgt:180cm iyr:2011,oth,137287449,2029,1970,2011,180cm,#a97842,180,0,#a97842,oth,137287449
141,hcl:#fffffd cid:60 byr:1973 pid:324648387 hgt:177cm eyr:2022 iyr:2010 ecl:oth,oth,324648387,2022,1973,2010,177cm,#fffffd,177,0,#fffffd,oth,324648387
142,pid:632056596 hcl:#efcc98 hgt:73in ecl:brn byr:1928 iyr:2017 eyr:2023,brn,632056596,2023,1928,2017,73in,#efcc98,0,73,#efcc98,brn,632056596
143,hcl:#6b5442 pid:927492391 eyr:2023 hgt:172cm byr:1958 cid:92 ecl:gry iyr:2019,gry,927492391,2023,1958,2019,172cm,#6b5442,172,0,#6b5442,gry,927492391
144,eyr:2030 hgt:163cm iyr:2014 pid:147768826 ecl:blu byr:1922 hcl:#ceb3a1 cid:169,blu,147768826,2030,1922,2014,163cm,#ceb3a1,163,0,#ceb3a1,blu,147768826
145,ecl:blu byr:2002 eyr:2028 pid:998185490 cid:165 iyr:2020 hgt:188cm hcl:#c0946f ,blu,998185490,2028,2002,2020,188cm,#c0946f,188,0,#c0946f,blu,998185490
